{"iter": [1, 2, 3, 4, 5, 6, 7, 8, 9, 10, 11, 12, 13, 14, 15, 16, 17, 18, 19, 20, 21, 22, 23, 24, 25, 26, 27, 28, 29], "x1": [8.999999975, 3.4999999875000003, 6.24999998125, 7.624999978125, 6.9374999796875, 7.28124997890625, 7.1093749792968755, 7.023437479492188, 6.980468729589844, 7.001953104541016, 6.99121091706543, 6.996582010803223, 6.99926755767212, 7.000610331106568, 6.999938944389344, 7.000274637747956, 7.000106791068649, 7.000022867728997, 6.99998090605917, 7.000001886894083, 6.999991396476626, 6.999996641685355, 6.999999264289719, 7.000000575591901, 6.9999999199408105, 7.000000247766356, 7.000000083853584, 7.000000001897197, 6.999999960919004], "x2": [9.000000025, 3.5000000375, 6.250000031250001, 7.625000028125001, 6.9375000296875005, 7.281250028906251, 7.109375029296876, 7.023437529492188, 6.980468779589844, 7.001953154541017, 6.991210967065431, 6.996582060803224, 6.99926760767212, 7.0006103811065685, 6.999938994389344, 7.0002746877479565, 7.00010684106865, 7.000022917728997, 6.99998095605917, 7.000001936894083, 6.999991446476627, 6.9999966916853555, 6.999999314289719, 7.000000625591902, 6.999999969940811, 7.0000002977663565, 7.000000133853584, 7.000000051897198, 7.000000010919004], "f(x1)": [3.9999998999999993, 12.250000087499998, 0.562500028125, 0.390624972656251, 0.003906252539062929, 0.07910155063476615, 0.011962886096191934, 0.0005493154449467173, 0.00038147052383464435, 3.8146173481379437e-06, 7.724797883074243e-05, 1.1682650149282341e-05, 5.364717636706811e-07, 3.7250405964444695e-07, 3.727787592597676e-09, 7.542589260228072e-08, 1.1404332343283952e-08, 5.229330294629839e-10, 3.645785764278314e-10, 3.560369279550068e-12, 7.402061444230399e-11, 1.1278277255097563e-11, 5.412696177768142e-13, 3.3130603678791903e-13, 6.4094738234045924e-15, 6.138816710428182e-14, 7.031423487975146e-15, 3.5993567076720675e-18, 1.527324265310583e-15], "f(x2)": [4.000000100000002, 12.249999737500001, 0.5624999531249998, 0.390625035156252, 0.003906246289063324, 0.07910157875976687, 0.011962897033692492, 0.0005493177886971938, 0.0003814685707100805, 3.814812661094328e-06, 7.72470999249387e-05, 1.168230835285867e-05, 5.363985219370372e-07, 3.7256509525581703e-07, 3.7216845314607675e-09, 7.545335887739731e-08, 1.1415013950273747e-08, 5.252223023894281e-10, 3.6267168232255476e-10, 3.751558690089419e-12, 7.316276209493535e-11, 1.0944945786727323e-11, 4.701985888613698e-13, 3.9136522764428104e-13, 9.035548382723333e-16, 8.866480303989668e-14, 1.7916782007625372e-14, 2.6933191239666556e-15, 1.1922465637394518e-16], "a": [-2, 3.4999999875000003, 6.24999998125, 6.24999998125, 6.9374999796875, 6.9374999796875, 6.9374999796875, 6.9374999796875, 6.980468729589844, 6.980468729589844, 6.99121091706543, 6.996582010803223, 6.99926755767212, 6.99926755767212, 6.999938944389344, 6.999938944389344, 6.999938944389344, 6.999938944389344, 6.99998090605917, 6.99998090605917, 6.999991396476626, 6.999996641685355, 6.999999264289719, 6.999999264289719, 6.9999999199408105, 6.9999999199408105, 6.9999999199408105, 6.9999999199408105, 6.999999960919004], "b": [9.000000025, 9.000000025, 9.000000025, 7.625000028125001, 7.625000028125001, 7.281250028906251, 7.109375029296876, 7.023437529492188, 7.023437529492188, 7.001953154541017, 7.001953154541017, 7.001953154541017, 7.001953154541017, 7.0006103811065685, 7.0006103811065685, 7.0002746877479565, 7.00010684106865, 7.000022917728997, 7.000022917728997, 7.000001936894083, 7.000001936894083, 7.000001936894083, 7.000001936894083, 7.000000625591902, 7.000000625591902, 7.0000002977663565, 7.000000133853584, 7.000000051897198, 7.000000051897198], "b - a": [11.000000025, 5.5000000374999996, 2.75000004375, 1.3750000468750008, 0.6875000484375011, 0.34375004921875085, 0.17187504960937616, 0.08593754980468837, 0.04296879990234448, 0.021484424951172976, 0.010742237475586336, 0.00537114373779346, 0.002685596868897022, 0.0013428234344488033, 0.0006714367172246938, 0.00033574335861263904, 0.00016789667930616758, 8.397333965337594e-05, 4.2011669827424214e-05, 2.103083491356017e-05, 1.0540417457072238e-05, 5.295208728384182e-06, 2.6726043644842434e-06, 1.3613021829783634e-06, 7.056510913372449e-07, 3.778255459607749e-07, 2.139127737166291e-07, 1.3195638715046698e-07, 9.097819386738593e-08], "ratio": [0.5000000011363637, 0.5000000022727272, 0.5000000045454546, 0.5000000090909092, 0.500000018181818, 0.5000000363636342, 0.5000000727272644, 0.5000001454545052, 0.5000002909089257, 0.5000005818175233, 0.5000011636336511, 0.5000023272619274, 0.5000046545021903, 0.5000093089177239, 0.5000186174888305, 0.5000372335912691, 0.500074461636267, 0.5001489011003402, 0.5002977135462212, 0.5005950727488518, 0.5011887307562874, 0.502371822553507, 0.5047212492603254, 0.509354171933737, 0.5183647687931906, 0.5354282741131685, 0.5661681058983691, 0.6168700674475383, 0.6894565381185034]}