{
    "iter": [
        1,
        2,
        3,
        4,
        5,
        6,
        7,
        8,
        9,
        10,
        11,
        12,
        13,
        14,
        15,
        16,
        17,
        18,
        19,
        20,
        21,
        22,
        23,
        24,
        25,
        26,
        27,
        28,
        29,
        30,
        31,
        32,
        33,
        34,
        35,
        36,
        37,
        38,
        39,
        40
    ],
    "x1": [
        3.193495504995373,
        6.403252247502312,
        5.177234267483806,
        6.403252247502312,
        7.160973029972241,
        6.871549445050893,
        6.692675832423659,
        6.871549445050893,
        6.982099417345006,
        6.939873085384014,
        6.982099417345006,
        7.008196725717135,
        6.998228440933869,
        6.992067702128272,
        6.998228440933869,
        6.995875248105942,
        6.998228440933869,
        6.999682794083611,
        6.999127280612055,
        6.999682794083611,
        7.000026120290241,
        6.999894981348537,
        7.000026120290241,
        6.999976029671759,
        6.999945071967019,
        6.999976029671759,
        6.999995162585502,
        6.999987854462756,
        6.999995162585502,
        6.999999679253752,
        6.999997954039997,
        6.999999679253752,
        6.999999020280735,
        6.999999679253752,
        7.000000086521474,
        6.999999930959047,
        6.99999983481618,
        6.999999930959047,
        6.9999999903786065,
        6.9999999676823546
    ],
    "x2": [
        6.403252247502312,
        8.386991009990748,
        6.403252247502312,
        7.160973029972241,
        7.62927022752082,
        7.160973029972241,
        6.871549445050893,
        6.982099417345006,
        7.0504230576781275,
        6.982099417345006,
        7.008196725717135,
        7.024325749305999,
        7.008196725717135,
        6.998228440933869,
        7.0020359869115385,
        6.998228440933869,
        6.999682794083611,
        7.000581633761796,
        6.999682794083611,
        7.000026120290241,
        7.000238307555167,
        7.000026120290241,
        7.000107168613463,
        7.000026120290241,
        6.999976029671759,
        6.999995162585502,
        7.000006987376498,
        6.999995162585502,
        6.999999679253752,
        7.000002470708247,
        6.999999679253752,
        7.000000745494491,
        6.999999679253752,
        7.000000086521474,
        7.000000338226769,
        7.000000086521474,
        6.999999930959047,
        6.9999999903786065,
        7.0000000271019145,
        6.9999999903786065
    ],
    "f(x1)": [
        14.48947647049043,
        0.3561078801110417,
        3.322474915635297,
        0.3561078801110417,
        0.025912316378443982,
        0.016499545066733574,
        0.09444814397649076,
        0.016499545066733574,
        0.00032043085938825817,
        0.003615245861238066,
        0.00032043085938825817,
        6.718631248194466e-05,
        3.1384215247906295e-06,
        6.292134952581351e-05,
        3.1384215247906295e-06,
        1.7013578187536238e-05,
        3.1384215247906295e-06,
        1.0061959339201381e-07,
        7.616391300950531e-07,
        1.0061959339201381e-07,
        6.822695622720289e-10,
        1.1028917155120187e-08,
        6.822695622720289e-10,
        5.745766360013365e-10,
        3.0170888071270415e-09,
        5.745766360013365e-10,
        2.34005790284049e-11,
        1.4751407495459882e-10,
        2.34005790284049e-11,
        1.0287815575232278e-13,
        4.185952334670104e-12,
        1.0287815575232278e-13,
        9.598498378720377e-13,
        1.0287815575232278e-13,
        7.48596553744532e-15,
        4.7666532462109974e-15,
        2.7285694521860603e-14,
        4.7666532462109974e-15,
        9.257121210682859e-17,
        1.0444302073441896e-15
    ],
    "f(x2)": [
        0.3561078801110417,
        1.923744061795155,
        0.3561078801110417,
        0.025912316378443982,
        0.3959810192441045,
        0.025912316378443982,
        0.016499545066733574,
        0.00032043085938825817,
        0.0025424847456117718,
        0.00032043085938825817,
        6.718631248194466e-05,
        0.0005917420792982979,
        6.718631248194466e-05,
        3.1384215247906295e-06,
        4.1452427039560835e-06,
        3.1384215247906295e-06,
        1.0061959339201381e-07,
        3.382978328613366e-07,
        1.0061959339201381e-07,
        6.822695622720289e-10,
        5.679049084949547e-08,
        6.822695622720289e-10,
        1.1485111711497212e-08,
        6.822695622720289e-10,
        5.745766360013365e-10,
        2.34005790284049e-11,
        4.882343032266116e-11,
        2.34005790284049e-11,
        1.0287815575232278e-13,
        6.104399241211838e-12,
        1.0287815575232278e-13,
        5.557620361529451e-13,
        1.0287815575232278e-13,
        7.48596553744532e-15,
        1.1439734744314664e-13,
        7.48596553744532e-15,
        4.7666532462109974e-15,
        9.257121210682859e-17,
        7.345137690450439e-16,
        9.257121210682859e-17
    ],
    "a": [
        -2,
        3.193495504995373,
        3.193495504995373,
        5.177234267483806,
        6.403252247502312,
        6.403252247502312,
        6.403252247502312,
        6.692675832423659,
        6.871549445050893,
        6.871549445050893,
        6.939873085384014,
        6.982099417345006,
        6.982099417345006,
        6.982099417345006,
        6.992067702128272,
        6.992067702128272,
        6.995875248105942,
        6.998228440933869,
        6.998228440933869,
        6.999127280612055,
        6.999682794083611,
        6.999682794083611,
        6.999894981348537,
        6.999894981348537,
        6.999894981348537,
        6.999945071967019,
        6.999976029671759,
        6.999976029671759,
        6.999987854462756,
        6.999995162585502,
        6.999995162585502,
        6.999997954039997,
        6.999997954039997,
        6.999999020280735,
        6.999999679253752,
        6.999999679253752,
        6.999999679253752,
        6.99999983481618,
        6.999999930959047,
        6.999999930959047
    ],
    "b": [
        11.596747752497688,
        11.596747752497688,
        8.386991009990748,
        8.386991009990748,
        8.386991009990748,
        7.62927022752082,
        7.160973029972241,
        7.160973029972241,
        7.160973029972241,
        7.0504230576781275,
        7.0504230576781275,
        7.0504230576781275,
        7.024325749305999,
        7.008196725717135,
        7.008196725717135,
        7.0020359869115385,
        7.0020359869115385,
        7.0020359869115385,
        7.000581633761796,
        7.000581633761796,
        7.000581633761796,
        7.000238307555167,
        7.000238307555167,
        7.000107168613463,
        7.000026120290241,
        7.000026120290241,
        7.000026120290241,
        7.000006987376498,
        7.000006987376498,
        7.000006987376498,
        7.000002470708247,
        7.000002470708247,
        7.000000745494491,
        7.000000745494491,
        7.000000745494491,
        7.000000338226769,
        7.000000086521474,
        7.000000086521474,
        7.000000086521474,
        7.0000000271019145
    ],