{
    "iter": [
        1,
        2,
        3,
        4,
        5,
        6,
        7,
        8,
        9,
        10,
        11,
        12,
        13,
        14,
        15,
        16,
        17,
        18,
        19,
        20,
        21,
        22,
        23,
        24,
        25
    ],
    "x": [
        3e-07,
        7e-07,
        1.5e-06,
        3.1e-06,
        6.3e-06,
        1.27e-05,
        2.55e-05,
        5.1099999999999995e-05,
        0.00010229999999999999,
        0.0002047,
        0.0004095,
        0.0008190999999999999,
        0.0016382999999999999,
        0.0032766999999999996,
        0.006553499999999999,
        0.0131071,
        0.0262143,
        0.052428699999999995,
        0.10485749999999999,
        0.2097151,
        0.4194303,
        0.8388606999999999,
        1.6777214999999999,
        3.3554430999999996,
        6.710886299999999
    ],
    "f": [
        48.99999580000009,
        48.99999020000049,
        48.999979000002256,
        48.99995660000961,
        48.99991180003969,
        48.99982220016129,
        48.99964300065026,
        48.999284602611205,
        48.99856781046529,
        48.99713424190209,
        48.99426716769025,
        48.988533270924805,
        48.97706648402689,
        48.95413693676289,
        48.90829394836225,
        48.81667239607041,
        48.633686989524485,
        48.26874696858369,
        47.54299009530626,
        46.107969023168,
        43.303897576558086,
        37.959637474004495,
        28.326648431562255,
        13.282794997337612,
        0.08358673152769033
    ]
}